<?xml version="1.0" encoding="UTF-8"?>
<beans xmlns="http://www.springframework.org/schema/beans"
    xmlns:xsi="http://www.w3.org/2001/XMLSchema-instance" xmlns:context="http://www.springframework.org/schema/context"
    xsi:schemaLocation="
http://www.springframework.org/schema/beans
http://www.springframework.org/schema/beans/spring-beans-4.0.xsd
http://www.springframework.org/schema/context
http://www.springframework.org/schema/context/spring-context-4.0.xsd">

    <!-- 引入dbconfig.properties属性文件 -->
    <context:property-placeholder location="classpath:dbconfig.properties" />
    <!-- 自动扫描(自动注入)，扫描me.gacl.service这个包以及它的子包的所有使用@Service注解标注的类 -->
    <context:component-scan base-package="com.lyun.lyt.serviceimpl" />
    
    <bean id="successHandler" class="org.springframework.security.web.authentication.SimpleUrlAuthenticationSuccessHandler">
          <property name="defaultTargetUrl" value="/index.htm"/>        
    </bean>
    <context:component-scan base-package="com.lyun.lyt.support"></context:component-scan>
    
    <import resource="spring-mybatis.xml"/>  
     <import resource="spring-quartz.xml"/> 
     
     <bean  id="huanXinService" class="com.lyun.lyt.integration.HuanXinService">  
     	<property name="HuanXinUrl" value="http://a1.easemob.com/lvyun/lyun"></property>
     
     </bean>
</beans>