<?xml version="1.0" encoding="UTF-8" ?>
<configuration>
	 <appender name="FILE" class="ch.qos.logback.core.FileAppender">
  <file>lyt.log</file>
  <encoder class="ch.qos.logback.classic.encoder.PatternLayoutEncoder">
    <pattern>%msg%n</pattern>
  </encoder>
</appender>  

  <!-- definition of appender STDOUT -->
  <appender name="STDOUT" class="ch.qos.logback.core.ConsoleAppender">
    <encoder>
      <pattern>%-4relative [%thread] %-5level %logger{35} - %msg %n</pattern>
    </encoder>
  </appender>

  <root level="INFO">
    <!-- appender referenced after it is defined -->
    <appender-ref ref="STDOUT"/>
  </root> 


</configuration>