<?xml version="1.0" encoding="UTF-8"?>
<beans xmlns="http://www.springframework.org/schema/beans"
    xmlns:xsi="http://www.w3.org/2001/XMLSchema-instance" xmlns:context="http://www.springframework.org/schema/context"
    xsi:schemaLocation="
http://www.springframework.org/schema/beans
http://www.springframework.org/schema/beans/spring-beans-4.0.xsd
http://www.springframework.org/schema/context
http://www.springframework.org/schema/context/spring-context-4.0.xsd">

    <bean id="simpleJobDetail"
    class="org.springframework.scheduling.quartz.MethodInvokingJobDetailFactoryBean">
    <property name="targetObject">
      <bean class="com.lyun.lyt.task.MessageTask" />
    </property>
    <property name="targetMethod" value="job" />
    <property name="concurrent" value="true" />
  </bean> 
  <!-- <bean id="complexJobDetail"
    class="org.springframework.scheduling.quartz.JobDetailFactoryBean">
    <property name="jobClass" value="com.scheduled.ScheduledJob" />
    <property name="jobDataMap">
      <map>
        <entry key="task" value-ref="task"></entry>
      </map>
    </property>
    <property name="durability" value="true" />
  </bean> -->
  
  <bean id="simpleTrigger"
    class="org.springframework.scheduling.quartz.SimpleTriggerFactoryBean">
    <property name="jobDetail" ref="simpleJobDetail" />
    <property name="startDelay" value="1000" />
    <property name="repeatInterval" value="3600000" /><!-- 1个小时一次 -->
  </bean>
<!--   <bean id="cronTrigger"
    class="org.springframework.scheduling.quartz.CronTriggerFactoryBean">
    <property name="jobDetail" ref="complexJobDetail" />
    <property name="cronExpression" value="0/5 * * ? * SAT-SUN" />
  </bean> -->
  <bean class="org.springframework.scheduling.quartz.SchedulerFactoryBean">
    <property name="jobDetails">
      <list>
        <ref bean="simpleJobDetail" />
      <!--   <ref bean="complexJobDetail" /> -->
      </list>
    </property>

    <property name="triggers">
      <list>
        <ref bean="simpleTrigger" />
       <!--  <ref bean="cronTrigger" /> -->
      </list>
    </property>
  </bean>

</beans>