<?xml version="1.0" encoding="UTF-8" ?>  
<!DOCTYPE mapper  
  PUBLIC "-//mybatis.org//DTD Mapper 3.0//EN"  
  "http://mybatis.org/dtd/mybatis-3-mapper.dtd">
<mapper namespace="com.lyun.lyt.mapper.LytServiceLogMapper">
	    <resultMap type="LytServiceLogModel" id="LytServiceLogModelMap">
	    
	    	 	    	    <result property="id" column="Id" />
	    	    			 	    	    <result property="startTime" column="start_time" />
	    	    			 	    	    <result property="servicestatus" column="service_status" />
	    	    			 	    	    <result property="serviceId" column="service_id" />
	    	    			 	    	    <result property="clientId" column="client_id" />
	    	    			 	    	    <result property="timeCount" column="time_count" />
	    	    			 	    	    <result property="endTime" column="end_time" />
	    	    			 		</resultMap>

</mapper>




