<?xml version="1.0" encoding="UTF-8" ?>  
<!DOCTYPE mapper  
  PUBLIC "-//mybatis.org//DTD Mapper 3.0//EN"  
  "http://mybatis.org/dtd/mybatis-3-mapper.dtd">
<mapper namespace="com.lyun.lyt.mapper.ResourceMapper">
	    <resultMap type="ResourceModel" id="ResourceModelMap">
	    
	    	 	    	    <result property="id" column="ID" />
	    	    			 	    	    <result property="name" column="NAME" />
	    	    			 	    	    <result property="content" column="CONTENT" />
	    	    			 	    	    <result property="resourceType" column="resource_type" />
	    	    			 	    	    <result property="resourceStatus" column="resource_status" />
	    	    			 	    	    <result property="createDate" column="CREATE_DATE" />
	    	    			 	    	    <result property="creator" column="CREATOR" />
	    	    			 	    	    <result property="parentId" column="PARENT_ID" />
	    	    			 		</resultMap>

</mapper>




