<?xml version="1.0" encoding="UTF-8" ?>  
<!DOCTYPE mapper  
  PUBLIC "-//mybatis.org//DTD Mapper 3.0//EN"  
  "http://mybatis.org/dtd/mybatis-3-mapper.dtd">
<mapper namespace="com.lyun.lyt.mapper.MessageMapper">
	    <resultMap type="MessageModel" id="MessageModelMap">
	    
	    	 	    	    <result property="id" column="Id" />
	    	    			 	    	    <result property="from" column="from_" />
	    	    			 	    	    <result property="to" column="to_" />
	    	    			 	    	    <result property="createTime" column="create_time" />
	    	    			 	    	    <result property="type" column="type_" />
	    	    			 	    	    <result property="msg" column="msg" />
	    	    			 	    	    <result property="uuid" column="uuid" />
	    	    			 		</resultMap>

</mapper>




